,name,type,latitude,longitude
0,Lake Brooks Picnic Area Shelter,Shelter,58.5462823516488,-155.793520584174
1,Campground Lean-to,Shelter,58.560077320021804,-155.777894655557
2,Campground Lean-to,Shelter,58.5601440220671,-155.777509633295
3,Campground Lean-to,Shelter,58.5598738098835,-155.777596755355
4,Brooks Camp Ranger Station (Historic),Ranger Station,58.556654330696,-155.778541936997
5,Brooks Camp Visitor Center,Visitor Center,58.5561359693438,-155.77819998576402
6,Brooks Lodge Dining Kitchen,Food Service,58.55545297587971,-155.778189812758
7,Brooks Lodge Office and Store,Store,58.555204663711,-155.778038775655
8,"Valley of 10,000 Smokes Visitor Center",Visitor Center,58.368581701909505,-155.382826310127
9,Grosvenor Camp Kitchen Dining Room,Food Service,58.719137941096,-155.494914262285
10,Brooks Lodge Rental Building,Store,58.55503922659861,-155.778180572751
11,Northwest Arctic Heritage Center,Visitor Center,66.8925614665532,-162.605378029511
12,Lake Clark Visitor Center,Visitor Center,60.197371585486295,-154.322643222782
13,Silver Salmon Creek Ranger Station,Ranger Station,59.980155726898296,-152.665420926777
14,Chinitna Bay Ranger Station,Ranger Station,59.870514606402295,-153.09051663061
15,Upper Twin Lake Ranger Station (Historic),Ranger Station,60.6476100384021,-153.818523085256
16,Exit Glacier Warming Hut,Shelter,60.188322784338,-149.632280691901
17,Exit Glacier Campground Shelter and Food Storage,Shelter,60.190966494134294,-149.618097891265
18,Exit Glacier Stone Kiosk,Shelter,60.184801612945606,-149.637057640147
19,Harding Icefield Trail Emergency Shelter,Weather Shelter,60.1821601111508,-149.702805148819
20,Exit Glacier Nature Center,Visitor Center,60.1883240953389,-149.631629470459
21,Kenai Fjords National Park Visitor Center,Visitor Center,60.116272704383405,-149.439721113066
22,Visitor Information Station,Information,58.4543166891624,-135.885135711362
23,Bettles Visitor Center and Ranger Station,Visitor Center,66.91801522784779,-151.513942849402
24,Backcountry Information Center,Information,63.7359107337574,-148.895861667539
25,Riley Creek Mercantile,Store,63.7329846867692,-148.89724131747602
26,Murie Science and Learning Center,Visitor Center,63.733551210154104,-148.91769300937202
27,Bookstore,Store,63.73161708184,-148.916208783364
28,Morino Grill,Food Service,63.7315686698071,-148.91577682207
29,Bus Stop and Baggage Claim,Shelter,63.731314384634295,-148.915154820648
30,Denali Visitor Center,Visitor Center,63.7309100293596,-148.91710314097202
31,Savage Campground Bus Stop,Shelter,63.7178738565021,-149.25624930840598
32,Savage River Check Station,Ranger Station,63.7390162448674,-149.295468720053
33,Toklat River Contact Station,Visitor Center,63.5215396161022,-150.04322484411801
34,Wonder Lake Ranger Station (Historic),Ranger Station,63.490416122955295,-150.871263724732
35,Wonder Lake Campground Bus Shelter,Shelter,63.454383892473096,-150.860954354727
36,Wonder Lake Campground Shelter,Shelter,63.4533957288017,-150.862656524884
37,Wonder Lake Campground Shelter,Shelter,63.4530353845568,-150.86500416447902
38,Talkeetna Ranger Station,Ranger Station,62.32249218340589,-150.11711986932698
39,Eielson Visitor Center,Visitor Center,63.4310404666123,-150.311449161364
40,Teklanika Campground Bus Stop,Shelter,63.6696294407223,-149.577612170756
41,Mountain Vista Shelter,Shelter,63.7152128776941,-149.254765525397
42,Savage River Bus Stop,Shelter,63.7401291166235,-149.29393721501302
43,Teklanika Rest Stop Bus Shelter,Shelter,63.654326928325005,-149.568043509255
44,Teklanika Rest Stop Bus Shelter,Shelter,63.6542281622579,-149.56795559919502
45,Teklanika Rest Stop Bus Shelter,Shelter,63.6541800482252,-149.567679566008
46,Sitka National Historical Park Visitor Center and Park Headquarters,Visitor Center,57.048620689058104,-135.319042712729
47,Wrangell-St. Elias Visitor Center,Visitor Center,62.0199731988585,-145.363362334372
48,Bus Shelter,Shelter,62.020796673417905,-145.364189803934
49,Slana Ranger Station,Ranger Station,62.70962848744679,-143.98183716869
50,Information Kiosk,Information Board,61.43657531046699,-142.964279447308
51,McCarthy Road Visitor Center,Visitor Center,61.4365167704272,-142.964138318212
52,Kennecott Visitor Center (Historic),Visitor Center,61.4833318452359,-142.88779414734
53,Chitina Ranger Station,Visitor Center,61.515949383397896,-144.438231763789
54,Mountain Vista Viewpoint,Shelter,63.71456556225429,-149.254243447043
55,Exit Glacier Pavilion,Shelter,60.1880229111343,-149.63129178322902
56,Amalik Bay Patrol Cabin,Ranger Station,58.1044491614439,-154.529535375356
57,Nonvianuk Patrol Cabin,Ranger Station,59.015609909534795,-155.60394910936898
58,McCarthy Ranger Station,Ranger Station,61.4397109615975,-142.896133573006
59,Eagle Visitor Center,Visitor Center,64.7901788250829,-141.203515462951
60,Bering Land Bridge Visitor Center and Park Headquarters,Visitor Center,64.4978340554484,-165.408224769914
61,Nuluk Emergency Shelter Cabin,Weather Shelter,65.8771799996492,-166.77314000030898
62,Ear Mountain Emergency Shelter Cabin,Weather Shelter,65.9592800004323,-166.130479999652
63,Grayling Creek Emergency Shelter Cabin,Weather Shelter,66.0377629787578,-165.135436668567
64,Quartz Creek Emergency Shelter Cabin,Weather Shelter,65.4045670965309,-164.65483221501898
65,Goodhope River Reindeer Emergency Shelter Cabin (Historic),Weather Shelter,66.0213899996331,-163.929089999911
66,Cottonwood Creek Emergency Shelter Cabin,Weather Shelter,65.793696490926,-163.609137005518
67,The Trail Center (Historic),Ranger Station,59.455466748396795,-135.314728075797
68,National Park Service Visitor Center (Historic),Visitor Center,59.453486011051,-135.318493192355
69,Junior Ranger Activity Center (Historic Pantheon Saloon),Information,59.4548358029681,-135.31671989515
70,Sheep Camp North Warming Tent,Weather Shelter,59.658792437547,-135.26785596195
71,Sheep Camp South Warming Tent,Weather Shelter,59.65873760950979,-135.268096526113
72,Sheep Camp Ranger Station,Ranger Station,59.65682799421229,-135.26740092964
73,Pleasant Camp Warming Tent,Weather Shelter,59.6384991267587,-135.29378284656602
74,Dyea Ranger Station,Ranger Station,59.505872244645005,-135.347745361231
75,Arctic Brotherhood Hall Skagway Visitor Center (Historic),Information,59.45401633641129,-135.318375707275
76,Aialik Bay Ranger Station,Ranger Station,59.8487382276063,-149.660781867266
77,Dry Bay Ranger Station,Ranger Station,59.171222905266504,-138.483123925573
78,Morris Thompson Cultural and Visitor Center,Visitor Center,64.84600999801759,-147.71220990230302
79,Alaska Public Lands Information Center (Historic),Visitor Center,61.21901897764771,-149.894502547069
80,Kobuk Valley Portage Emergency Shelter Cabin,Weather Shelter,67.1878515831889,-159.226936098019
81,Kotlik Emergency Shelter Cabin,Weather Shelter,67.4289700000176,-163.882400000188
82,Nakolik Emergency Shelter Cabin,Weather Shelter,67.9088700000871,-160.83086999881598
83,Swikshak Bay Patrol Cabin,Ranger Station,58.606588681624096,-153.76780149779302
84,Crescent Lake Ranger Station,Ranger Station,60.35954648467651,-152.859248892474
85,Anaktuvuk Pass Visitor Center and Ranger Station,Visitor Center,68.14220627762809,-151.736983810948
86,Coldfoot Ranger Station,Ranger Station,67.25330013665811,-150.17532690787598
87,Arctic Interagency Visitor Center and Ranger Station,Visitor Center,67.2528114373261,-150.186839494698
88,King Salmon Visitor Center,Visitor Center,58.6828313794274,-156.668486144672
89,Telaquana Lake Ranger Station,Ranger Station,60.982549999978104,-153.919469999845
90,Lower Twin Lake Ranger Station,Ranger Station,60.649649999788195,-154.04254000046498
91,Solo Mountain Emergency Shelter Cabin (Historic),Weather Shelter,61.8330699998665,-141.844650000572
92,Sitka Police Department,Police,57.0526092237681,-135.333605197623
93,Skagway Police Department,Police,59.453366499969796,-135.321309101269
94,Ranger Station,Ranger Station,59.115286365260204,-156.337289002639
95,Alaska Packers Cabin Ranger Station (Historic),Ranger Station,56.7635421393605,-157.491217270679
96,Canyon City Warming Tent,Weather Shelter,59.607452208663794,-135.324645381535
97,Canyon City State Cabin,Weather Shelter,59.6075215157109,-135.324588448497
98,Finnegan's Point Warming Tent,Weather Shelter,59.575532258975706,-135.335098673638
99,Skagway Volunteer Fire Department,Fire Station,59.4564034260333,-135.316730656158
100,Hubert’s Landing Emergency Shelter Cabin (Historic),Weather Shelter,61.02683285606621,-141.634283548638
101,Glacier Bay Visitor Center,Visitor Center,58.4546567673935,-135.882391770498
102,Gustavus Community Clinic,First Aid Station,58.418541698855,-135.745396154416
103,Sitka Fire Department,Fire Station,57.0517122981586,-135.33398117387898
104,Makpik Emergency Shelter Cabin,Weather Shelter,67.8589999992027,-158.327999998234
105,Informational Kiosk,Information Board,59.511532588490894,-135.346898957656
106,Happy Camp Warming Shelter,Weather Shelter,59.738190283494205,-135.177221633368
107,Lindeman City Upper Warming Hut,Shelter,59.7838713615323,-135.087950503712
108,Lindeman City Upper Warming Cabin,Weather Shelter,59.7839121625601,-135.087703927545
109,Lindeman City Lower Warming Hut,Weather Shelter,59.785743958804595,-135.08045588162
110,Parks Canada Summer Ranger Station,Ranger Station,59.78492560824861,-135.080111990386
111,Kiosk,Information Board,59.8451827351905,-134.997684472381
112,Kiosk,Information Board,59.5069909074051,-135.35067246321998
113,Bare Loon Covered Shelter,Weather Shelter,59.7964725900943,-135.036583374811
114,Bennett Warming Shelter,Weather Shelter,59.8459037406804,-135.00010591502598
115,Chilkoot Pass Parks Canada Patrol Cabin,Ranger Station,59.6975173778588,-135.236886507907
116,Summit Shelter,Shelter,59.6977595730234,-135.23661080972
117,Information Kiosk,Information Board,61.4811270527378,-142.885151959544
118,Glacier Creek Emergency Shelter Cabin (Historic),Weather Shelter,61.45862356144771,-142.383341893588
119,Picnic Shelter,Shelter,59.4557129505641,-135.334154263996
120,Picnic Shelter,Shelter,59.45273650354179,-135.33595582622
121,Upper Dewey Lake Warming Shelter,Weather Shelter,59.4430783089795,-135.26951250307502
122,Pullen Pond Picnic Shelter,Shelter,59.45178505889529,-135.316792204199
123,Sheep Camp Warming Shelter,Weather Shelter,59.6588368035772,-135.267836623936
124,Happy Camp Ranger Cabin,Ranger Station,59.7381811404879,-135.177346000452
125,Kiosk,Information Board,59.505708892533995,-135.348169730519
126,Singeak Emergency Shelter Cabin,Weather Shelter,66.515516667369,-164.722449999962
127,Arches Visitor Center,Visitor Center,38.6165617843403,-109.620031300458
128,Visitor Center,Visitor Center,36.8345796775671,-108.00024644989
129,Visitor Center,Visitor Center,35.779106751422894,-106.270875782864
130,TA-49 Interagency Fire Center,Fire Station,35.8269827609524,-106.31759847861
131,Gift Shop,Gift Shop,35.7790268173686,-106.270350179507
132,White Rock County Visitor Center,Visitor Center,35.8275191663168,-106.211309784392
133,Snack Bar,Food Service,35.778973807332605,-106.27025792544501
134,Bookstore,Gift Shop,35.7790345003738,-106.270901621882
135,Chisos Basin Visitor Center,Visitor Center,29.2705146031404,-103.29933901184499
136,Castolon Visitor Center,Visitor Center,29.1336295451334,-103.514154259802
137,Rio Grande Village Visitor Center,Visitor Center,29.185255768211103,-102.962216069786
138,Persimmon Gap Visitor Center,Visitor Center,29.660034730801,-103.173604561414
139,Panther Junction Visitor Center,Visitor Center,29.3278223720783,-103.205880262344
140,Cal S. Taggert Visitor Center,Visitor Center,44.83747317515721,-108.37666088664601
141,Crooked Creek Ranger Station,Ranger Station,44.9586699195046,-108.290810494315
142,Horseshoe Bend Concessions,Store,44.9579317260031,-108.263063936463
143,Ft Smith Contact Station,Ranger Station,45.30941924782229,-107.92031697658199
144,Horseshoe Bend Picnic Pavilion,Shelter,44.9587655255696,-108.263420082705
145,Horseshoe Bend Picnic Pavilion,Shelter,44.9587280155441,-108.263166917533
146,South Rim Visitor Center,Visitor Center,38.554985428502,-107.686573235764
147,Elk Creek Visitor Center,Visitor Center,38.4669957557172,-107.16579022391701
148,Cimarron Visitor Center,Visitor Center,38.4429517823804,-107.555101743436
149,North Rim Ranger Station,Ranger Station,38.5870242532709,-107.70482648016599
150,East Portal Ranger Station,Ranger Station,38.525967978786,-107.649632610665
151,Morrow Point Dam Welcome Kiosk,Information,38.4527775280565,-107.543666973666
152,Canyon Kiosk,Information,36.1538850380671,-109.535591898086
153,Visitor Center,Visitor Center,32.9947661605943,-111.536710952752
154,Island in the Sky Visitor Center,Visitor Center,38.459899952895896,-109.820983870996
155,Needles Visitor Center,Visitor Center,38.16809087062529,-109.75939939815201
156,Maze Visitor Center,Visitor Center,38.2551270037623,-110.17980955380101
157,Visitor Center,Visitor Center,32.1754761249252,-104.444213849733
158,Visitor Center,Visitor Center,36.7786924155944,-103.979998123321
159,Crater Rim Shelter,Shelter,36.7825109211889,-103.972082914943
160,Cedar Breaks Visitor Center,Visitor Center,37.6130339214902,-112.83756334761999
161,Winter Ranger Station,Ranger Station,37.641917106114995,-112.822309488256
162,Chamizal Visitor Center,Visitor Center,31.7679398490235,-106.453863830196
163,Picnic Table,Shelter,31.767644174822603,-106.45702566134399
164,Picnic Table,Shelter,31.7678072889335,-106.456954463296
165,Picnic Table,Shelter,31.7678799949828,-106.456774568174
166,Picnic Table,Shelter,31.765946616669197,-106.454694831761
167,Picnic Table,Shelter,31.765820924583803,-106.454666045741
168,Picnic Table,Shelter,31.7658163715807,-106.45456316667101
169,Picnic Table,Shelter,31.766620377126998,-106.45438354154899
170,Picnic Table,Shelter,31.7665833181018,-106.454284624482
171,Picnic Table,Shelter,31.766505046048604,-106.45428339948099
172,Visitor Center,Visitor Center,36.0303197341103,-107.91057919096599
173,Information Kiosk,Information,36.0348589161945,-107.89222725549601
174,Veterans Lake Pavillion,Shelter,34.490328528758695,-96.9831588102972
175,Buckhorn Pavillion,Shelter,34.4369619784986,-97.01020185967171
176,Platte,Ranger Station,34.501693977481,-96.9717445035417
177,Buckhorn,Ranger Station,34.4380132552129,-97.008180080298
178,The Point,Ranger Station,34.450706251837204,-97.01935022188749
179,Reso,Ranger Station,34.4969937692874,-96.98108954689121
180,Campground Kiosk,Information Board,39.1044644558472,-108.73291622870501
181,Devils Kitchen Picnic Shelter,Shelter,39.0328458131857,-108.633764782336
182,Book Cliffs View Shelter,Shelter,39.103998558530606,-108.72744795799
183,Campground Loop C Shelter,Shelter,39.1045002778715,-108.728618425785
184,Visitor Center Picnic Shelter,Shelter,39.100703729291894,-108.734701674918
185,Visitor Center,Visitor Center,39.100861580399204,-108.734476752765
186,Information Board,Information Board,44.590380637269405,-104.71998005010401
187,Lower Visitor Center,Visitor Center,40.438169045036794,-109.30699182476299
188,Quarry Visitor Center - Historic,Visitor Center,40.4404858026109,-109.30126497187099
189,Yampa Bench Entrance Information Kiosk,Information,40.4281429892245,-108.65662872487101
190,Harpers Corner Echo Turnoff Information Kiosk,Information,40.4770165304318,-109.09799688176001
191,Quarry Entrance Information Kiosk,Information,40.4323005090494,-109.331056819114
192,Harpers Corner Road Information Kiosk,Information,40.2443731893616,-108.97360209323999
193,Lodore Ranger Station,Ranger Station,40.727333136510204,-108.88699141839199
194,Echo Park Ranger Station,Ranger Station,40.519259097133705,-108.987272507528
195,El Malpais National Monument Information Center (NPS),Visitor Center,34.9914742452636,-108.03667201264
196,El Malpais Conservation Area Visitor Center (BLM),Visitor Center,34.9703703369245,-107.80885629685
197,Ranger Station,Ranger Station,35.0363885077808,-108.33644860232401
198,Visitor Center,Visitor Center,35.0383891721401,-108.348906349788
199,Florissant Fossil Beds Visitor Center,Visitor Center,38.9134869000869,-105.28544495431
200,Visitor Center,Visitor Center,30.5976327888549,-103.891724291343
201,Visitor Center,Visitor Center,42.20368119661929,-104.556008356693
202,Info Sign,Information Map,42.2040649938801,-104.55806799009198
203,Visitor Center,Visitor Center,35.9050428049906,-105.011519469191
204,Visitor Center,Visitor Center,33.2238153792225,-108.24169141094102
205,Visitor Center,Visitor Center,41.6174644273125,-112.55086523682199
206,Visitor Center,Visitor Center,46.406127978984394,-112.736694320084
207,Great Sand Dunes,Visitor Center,37.7330691500486,-105.51236164948999
208,Saint Johns Medical Center,First Aid Station,43.480336824046795,-110.751177381019
209,Leeks Marina & Pizzeria,Food Service,43.930464467887404,-110.639659829248
210,Dornan's Restaurant and Bar,Food Service,43.6574785024063,-110.710509359387
211,John Colter Cafe Court & Chuckwagon Restaurant,Food Service,43.9028289711104,-110.64161213257401
212,Signal Mountain Lodge,Food Service,43.8433586737031,-110.611367850025
213,Bridger-Teton National Forest - Forest Supervisor's Office,Ranger Station,43.4837782253851,-110.761793977232
214,White Grass Ranger Station,Ranger Station,43.6553517089612,-110.78183744485099
215,Buffalo Fork Ranger Station,Ranger Station,43.8432924646581,-110.51106167087099
216,Moran Entrance Station,Ranger Station,43.8439768651231,-110.512127870596
217,Jenny Lake Ranger Station,Ranger Station,43.7522220927801,-110.72222944135
218,Colter Bay General Store,Store,43.904910669524796,-110.64135223239799
219,Dornan's General Store,Store,43.657296102282295,-110.710388659305
220,Jenny Lake General Store,Store,43.751703393427604,-110.722042441223
221,Colter Bay Concession Store and Gas Station,Store,43.9112720678471,-110.63014053378001
222,Craig Thomas Discovery and Visitor Center,Visitor Center,43.6533742026176,-110.71859435788001
223,Colter Bay Visitor Center,Visitor Center,43.9031616703364,-110.64368373198201
224,Laurance S. Rockefeller Preserve Center,Visitor Center,43.6264096102964,-110.77521645135201
225,Jackson Hole and Greater Yellowstone Visitor Center,Visitor Center,43.4862926240935,-110.76172307718399
226,Jenny Lake Visitor Center,Visitor Center,43.752165392741496,-110.721564240898
227,McKittrick Canyon Contact Station,Visitor Center,31.977618083490004,-104.752149682961
228,Dell City Contact Station,Visitor Center,31.9361995913481,-105.20171465642001
229,Visitor Information/Headquarters,Visitor Center,35.643787941480106,-101.586403281985
230,LBJ State Park and Historic Site Visitor Center,Visitor Center,30.237455073131,-98.62621356867571
231,LBJ National Historical Park Visitor Center,Visitor Center,30.274247367129604,-98.4112160255949
232,Johnson Settlement Event Center,Visitor Center,30.274278793151,-98.41584687874139
233,Safety,Information,30.2741308010504,-98.4160012368463
234,Safety - Stay Off Fence,Information,30.2738612708673,-98.41590992678421
235,Safety- Stay off Fence,Information,30.273859364866,-98.4164005371176
236,Johnson Settlement,Information,30.274204591100602,-98.4157092606479
237,Warning,Information,30.2747948285016,-98.4127605166444
238,Education Center,Information,30.2749495996068,-98.41216730324129
239,Parking,Information,30.2747406984649,-98.4118574630307
240,Visitor Parking,Information,30.274866666550498,-98.41053458513191
241,Entrance,Information,30.274771288485603,-98.4106808592313
242,Map - LBJ National Historical Park,Information,30.274497000299302,-98.4109296214003
243,Authorized Vehicles Only,Information,30.2757872071759,-98.41260482253858
244,LBJ Ranch Entrance Sign,Information,30.2432181320468,-98.6064115402211
245,Hours of Operation and Driving Permit Info,Information,30.2430072729035,-98.60666903139611
246,Sam E. Johnson Farmhouse: Birthplace of Lyndon Johnson,Information,30.2406205772818,-98.60932710120208
247,Directional sign to Birthplace and Restrooms,Information,30.2401524999638,-98.6102417328236
248,Show Barn,Information,30.259272331954797,-98.6241489832728
249,No Pets in Show Barn - Safety Sign,Information,30.2590568718084,-98.62424017833479
250,Texas White House Complex Sign,Information,30.2426226246421,-98.6253827991112
251,Passenger Drop-Off Point,Information,30.241941378179302,-98.6250716628998
252,Mesa Verde Visitor and Research Center,Visitor Center,37.3359675512366,-108.40816141504999
253,Morefield Ranger Station,Ranger Station,37.2976153091781,-108.41488252361601
254,Ranger Station,Ranger Station,37.195788339991495,-108.53744478389099
255,Far View Lodge,Food Service,37.258213725406605,-108.493765515213
256,Spruce Tree Terrace Restaurant,Food Service,37.186115369419205,-108.48867407575399
257,Visitor Center,Visitor Center,34.6117700042724,-111.839785876677
258,Natural Bridges,Visitor Center,37.609348431986106,-109.97701274101001
259,Visitor Center,Visitor Center,36.6782201603282,-110.54101024922
260,Outdoor Exhibit,Information,36.670311520954705,-110.82020018891599
261,Outdoor Exhibit,Information,36.6784157814611,-110.54106884626002
262,Outdoor Exhibit,Information,36.678465682494995,-110.541218312361
263,Outdoor Exhibit,Information,36.6784281024695,-110.54126933639601
264,Outdoor Exhibit,Information,36.678390476444,-110.54125190638399
265,Kris Eggle Visitor Center,Visitor Center,31.9548950720508,-112.80120848291901
266,Visitor Center,Visitor Center,26.016779308380197,-97.4789393981568
267,Visitor Center,Visitor Center,35.5503606240007,-105.68612070355101
268,Shelter,Shelter,34.8092113294246,-109.85827707733499
269,Shelter,Shelter,34.9393080938192,-109.75648996917499
270,Shelter,Shelter,34.892428950967,-109.794331680887
271,Shelter,Shelter,34.8644365949475,-109.79100866562901
272,Visitor Center,Visitor Center,35.1389160674434,-106.71118162403098
273,Pipe Spring Visitor Center,Visitor Center,36.8625485075706,-112.73734682052799
274,Mission San Jose Visitor Center,Visitor Center,29.3601448190399,-98.4803176225462
275,Mission Espada Information,Information,29.3175993461323,-98.4500901230081
276,Mission Concepcion Information,Information,29.3903655325735,-98.49136501005242
277,Mission San Juan Information,Information,29.3321116429927,-98.4553499215818
278,Rincon Mountain Visitor Center,Visitor Center,32.254476861602505,-111.197306918143
279,Red Hills Visitor Center,Visitor Center,32.180114798077,-110.736022934722
280,Tornado Shelter,Weather Shelter,38.544508820383705,-102.503458548081
281,Visitor Center,Visitor Center,38.544219926187296,-102.503688934238
282,Shade Structure,Shelter,38.549491710769296,-102.51143584550199
283,Gran Quivira Visitor Center,Visitor Center,34.2595665969668,-106.09321629415301
284,Quarai Visitor Center,Visitor Center,34.5951040679487,-106.29743216590799
285,Abo Visitor Center,Visitor Center,34.4501355274494,-106.374473594254
286,Visitor Center,Visitor Center,35.368975337757895,-111.543530065385
287,Sunset Crater Volcano Visitor Center 6960ft 2121m,Visitor Center,35.369040460802104,-111.54345164833201
288,Visitor Center,Visitor Center,33.6449610293712,-111.112979186846
289,Visitor Center,Visitor Center,34.770180647905,-112.026305302408
290,Valles Grande Visitor Contact Station,Visitor Center,35.85671899215679,-106.491188536557
291,Banco Bonito Visitor Contact Station,Visitor Center,35.840914863418604,-106.616314799574
292,Walnut Canyon Visitor Center,Visitor Center,35.1715702216304,-111.50940176919701
293,Visitor Center,Visitor Center,32.7796540574358,-106.172381061942
294,Visitor Center,Visitor Center,35.5202889985684,-111.371666465612
295,Wupatki National Monument Visitor Center 4900ft 1493m,Visitor Center,35.5202799095622,-111.371656516605
296,Zion Canyon Visitor Center,Visitor Center,37.2000732929029,-112.98687742707199
297,Kolob Visitor Center,Visitor Center,37.4534912620885,-113.225402818139
298,Valhalla Pizzeria & Coffee Shop,Food Service,37.6271703680953,-112.16917110947901
299,General Store,Store,37.6322437515424,-112.165099391712
300,Visitor Center,Visitor Center,37.6403817150718,-112.169630915791
301,Moran Fire Hall,Fire Station,43.841997964778606,-110.508030371812
302,Canyon Visitor Education Center,Visitor Center,44.734708470333395,-110.491839921811
303,Albright Visitor Center Bookstore,Store,44.9764536645879,-110.69959313397
304,Bechler Ranger Station,Ranger Station,44.1497450808782,-111.04632260555599
305,Bridge Bay Boat Rental & Cruises,Store,44.5331947864143,-110.439229469065
306,Bridge Bay Marina Store,Store,44.5331600863908,-110.439095968974
307,Bridge Bay Ranger Station,Ranger Station,44.533347686518205,-110.439689368377
308,Canyon Adventure Store,Store,44.7341197709334,-110.49193942187901
309,Canyon Cafeteria,Food Service,44.7333924714392,-110.489930322514
310,Canyon Deli & Ice Cream,Food Service,44.7336450696109,-110.48983302344801
311,Canyon Dining Room & Lounge,Food Service,44.7338840707732,-110.48973582238101
312,Canyon General Store Grill,Food Service,44.7336417696086,-110.491113323317
313,Canyon General Store Grocery,Store,44.73374327067761,-110.49160042264799
314,Canyon General Store,Store,44.733688070640106,-110.491366423489
315,Canyon Gift Shop,Store,44.7340599698928,-110.489664622333
316,Canyon Ranger Station,Ranger Station,44.7362777703997,-110.490945622203
317,Canyon Service Station,Store,44.736532669572895,-110.492344621154
318,Canyon Visitor Center Bookstore,Store,44.73479257139049,-110.491948621885
319,East Entrance Ranger Station,Ranger Station,44.489054453423,-110.00483757091601
320,Fishing Bridge General Store Grill,Food Service,44.564942976985705,-110.37535347766399
321,Fishing Bridge General Store,Store,44.5647605778618,-110.375246476591
322,Fishing Bridge General Store,Store,44.5648328779109,-110.375021577439
323,Fishing Bridge Visitor Center Bookstore,Store,44.563030377686204,-110.377828177346
324,Fishing Bridge Visitor Center,Visitor Center,44.5630085776714,-110.377742877288
325,Gardiner Bookstore,Store,45.0298927598972,-110.707788523538
326,Grant Backcountry Office,Information,44.389285811634906,-110.558135667856
327,Grant Ranger Station,Ranger Station,44.3862665115835,-110.564490468174
328,Grant Village Dining Room,Food Service,44.3923475107152,-110.55468346751002
329,Grant Village General Store,Store,44.38897731142529,-110.555924368353
330,Grant Village General Store,Store,44.3890541124775,-110.556072569454
331,Grant Village Grill,Food Service,44.3891604115497,-110.55590346833901
332,Grant Village Lake House Restaurant,Food Service,44.3924932108142,-110.552340269918
333,Grant Village Mini Store,Store,44.3893357116688,-110.55791986870899
334,Grant Village Mini Store,Store,44.389401910713794,-110.557961868738
335,Grant Village Registration,Information,44.3896207118624,-110.555430569018
336,Grant Village Service Station,Store,44.38914121053661,-110.55861986918501
337,Grant Village VC Bookstore,Store,44.3936466095979,-110.5564348677
338,Grant Village Visitor Center,Visitor Center,44.3935863105569,-110.55633666763399
339,Lake Hotel Deli,Food Service,44.5498303807174,-110.400113275487
340,Lake Hotel Dining Room,Food Service,44.5498608807382,-110.401110674165
341,Lake Hotel Gift Shop,Store,44.549845980727994,-110.400678173871
342,Lake Lodge Cafeteria,Food Service,44.5551608803393,-110.39570547449199
343,Lake Lodge Gift Shop,Store,44.554902781163904,-110.39584947459
344,Madison Bookstore,Store,44.6422177134903,-110.862102559387
345,Madison Junior Ranger Station,Ranger Station,44.6422177134903,-110.862102559387
346,Mammoth General Store,Store,44.975592265002604,-110.70338063354299
347,Mammoth General Store,Store,44.975641365036005,-110.70341903356899
348,Mammoth Dining Room,Food Service,44.9759628652544,-110.702377832862
349,Mammoth Ranger Station,Ranger Station,44.97703296398151,-110.700522333601
350,Mammoth Service Station,Store,44.9752817647916,-110.703708532766
351,Norris Geyser Basin Bookstore,Store,44.7261648895284,-110.70315817839199
352,Norris Ranger Station,Ranger Station,44.7377409893938,-110.69459647757499
353,Northeast Entrance Ranger Station,Ranger Station,45.00455899968411,-110.01168937757099
354,Old Faithful Basin Store Grill,Food Service,44.4608189282383,-110.83375249712499
355,Old Faithful Basin Store,Store,44.4607798292117,-110.833535996978
356,Old Faithful Basin Store,Store,44.4608487292585,-110.833924297241
357,Old Faithful General Store Grill,Food Service,44.4568479285402,-110.827679499998
358,Old Faithful General Store Grocery,Store,44.4569443286057,-110.828021698231
359,Old Faithful General Store,Store,44.4569112275832,-110.82783579910499
360,Old Faithful Inn Dining Room,Food Service,44.459776128529796,-110.83137569651001
361,Old Faithful Inn Gift Shop,Store,44.4598510285807,-110.831006798259
362,Old Faithful Lodge Cafeteria,Food Service,44.4593983282731,-110.82603029787799
363,Old Faithful Ranger Station,Ranger Station,44.456876628559705,-110.831790296791
364,Old Faithful Service Station - Lower,Store,44.460896428290994,-110.83458379568899
365,Old Faithful Service Station - Upper,Store,44.456713629449,-110.82713739863001
366,Old Faithful Snow Lodge Geyser Grill,Food Service,44.45713132873279,-110.828840697787
367,Old Faithful Snow Lodge Gift Shop,Store,44.456708028445206,-110.82959989830299
368,Old Faithful Snow Lodge Obsidian Dining Room,Food Service,44.4567800304941,-110.82984789847201
369,Old Faithful Visitor Education Center,Visitor Center,44.45860572773461,-110.82921479804199
370,Roosevelt Lodge Dining Room,Food Service,44.9124892461271,-110.416976506945
371,Roosevelt Old West Dinner Cookout,Food Service,44.9140068461582,-110.413130307332
372,South Entrance Ranger Station,Ranger Station,44.1360579475785,-110.666368589395
373,Terrace Grill,Food Service,44.9758000661438,-110.702661634055
374,Tower Fall General Store,Store,44.8919828451939,-110.38690481651301
375,Tower Fall General Store,Store,44.892061645247495,-110.387008716583
376,Tower Junction Ranger Station,Ranger Station,44.9163241457327,-110.419965304976
377,Tower Junction Service Station,Store,44.9160304445331,-110.417479706287
378,West Entrance Ranger Station,Ranger Station,44.656593632257994,-111.089900509165
379,West Thumb Bookstore,Store,44.4157775096348,-110.57332656017701
380,West Thumb Information Station,Information,44.415782809638394,-110.573273460141
381,West Yellowstone Interagency Visitor Center,Information,44.658370533465394,-111.099246404515
382,"Yellowstone Association, Gardiner Information Center",Information,45.029890259895495,-110.70789422161002
383,West Thumb Information Center,Information,44.415778509635494,-110.573362960202
384,Albright Visitor Center,Visitor Center,44.9763624645259,-110.699522834922
385,Old Faithful Visitor Education Center Bookstore,Store,44.4586291287504,-110.82945239720301
386,Norris Geyser Basin Museum,Visitor Center,44.7264884897483,-110.703617277704
387,Pitchstone Plateau Seismograph (YPP),Information,44.270034445609205,-110.800162637302
388,Madison River Seismograph (YMR),Information,44.6699575203382,-110.970025430716
389,Old Faithful Seismograph (YFT),Information,44.4500021298888,-110.83993709832701
390,Joseph's Coat Seismograph (YJC),Information,44.759998454516705,-110.35001854845
391,Mirror Lake Plateau Seismograph (YMP),Information,44.7399515398958,-110.159817393217
392,West Yellowstone Visitor Information Center,Visitor Center,44.6583525324531,-111.099273805534
393,Madison Information Station,Visitor Center,44.6422395135051,-110.862123859402
394,West Yellowstone Visitor Information Center,Visitor Center,44.6583375334429,-111.099262804526
395,West Yellowstone Visitor Information Center,Visitor Center,44.6583215334321,-111.099284805541
396,Lake General Store,Store,44.5499997808325,-110.39642607498199
397,Lake General Store,Store,44.5500974808989,-110.39639317596
398,Lake General Store,Food Service,44.5502147799786,-110.396376674948
399,Lake Ranger Station,Ranger Station,44.5510609805535,-110.394665474786
400,Fishing Bridge Service Station,Store,44.5649660770014,-110.376049577137
401,Roosevelt Store,Store,44.912826946356496,-110.417164206072
402,Information Board,Information Board,44.582751491085794,-104.708088398024
403,Visitor Center,Visitor Center,44.590490226343896,-104.72010609318899
404,Deerlodge Ranger Station,Ranger Station,40.44554847305071,-108.514706171442
405,InfoKiosk,InfoKiosk,40.400003984105396,-105.59323634444
406,InfoKiosk,InfoKiosk,40.329843617434705,-105.595400919911
407,InfoKiosk,InfoKiosk,40.360594804328706,-105.59841272095699
408,InfoKiosk,InfoKiosk,40.2721143512104,-105.556879072737
409,InfoKiosk,InfoKiosk,40.27454631986279,-105.557799321362
410,InfoKiosk,InfoKiosk,40.379550764208396,-105.85083303546499
411,Kawuneeche Visitor Center,Visitor Center,40.266817863611706,-105.832713000153
412,Alpine Visitor Center,Visitor Center,40.441024477976896,-105.75450985101801
413,Moraine Park Discovery Center,Visitor Center,40.3583329597919,-105.583621407907
414,Beaver Meadows Visitor Center,Visitor Center,40.3662242731537,-105.56095894850901
415,Fall River Visitor Center,Visitor Center,40.401802067327104,-105.58648227285101
416,Timber Creek Campground,Ranger Station,40.3795767892261,-105.850772704424
417,Moraine Park Campground,Ranger Station,40.3604817932519,-105.598397568947
418,Longs Peak Ranger Station,Ranger Station,40.2723501803707,-105.556928301771
419,Longs Peak Ranger Station,Ranger Station,40.2721308972216,-105.55687870773701
420,La Poudre Pass (Long Draw),Ranger Station,40.4755733044512,-105.825426565203
421,Glacier Basin Campground,Ranger Station,40.329856723443605,-105.595436867935
422,Mill Creek,Ranger Station,40.344386574316,-105.59234073683201
423,Fall River Entrance,Ranger Station,40.4053435497334,-105.593435136575
424,Fall River Entrance,Ranger Station,40.405357213742704,-105.59323154043699
425,Wild Basin Ranger Station,Ranger Station,40.20847430797,-105.566443653236
426,Visitor Center,Visitor Center,32.0054281283856,-109.35640789333799
427,Rising Sun Restaurant,Food Service,48.6945279778446,-113.518084010002
428,TWO MEDICINE STORE,Food Service,48.4847981943431,-113.369812843258
429,West Glacier Restaurant,Food Service,48.496543272323294,-113.98366684434299
430,West Glacier Mercantile,Food Service,48.495996815952,-113.982994708887
431,Eddie's Restaurant,Food Service,48.52756844640351,-113.994039508391
432,Cedar Tree Gift Shop,Gift Shop,48.5285452420672,-113.994050194398
433,Swiftcurrent Camp Store and Restaurant,Food Service,48.7978146430231,-113.677140150073
434,Lake McDonald Coffee Shop,Food Service,48.617663952619196,-113.87640946546699
435,Lake McDonald General Store,Food Service,48.61842631713721,-113.875745278016
436,Rising Sun Camp Store and Motel,Food Service,48.6951438632631,-113.51916530573601
437,Montana House (gift shop),Gift Shop,48.527031819038896,-113.99402349638001
438,Schoolhouse Gifts,Gift Shop,48.52655030771171,-113.99350823003
439,WEST LAKES,Ranger Station,48.5006117830877,-113.980730403348
440,ST MARY,Ranger Station,48.7386606718308,-113.429586785872
441,East Glacier,Ranger Station,48.4472353428209,-113.224254438358
442,Apgar Ranger Station,Ranger Station,48.527528907376606,-113.99182953889
443,GOATHAUNT,Ranger Station,48.95795361983,-113.89226259023899
444,BELLY RIVER,Ranger Station,48.9315491348894,-113.71187200367201
445,LAKE MCDONALD,Ranger Station,48.63997686377971,-113.87538705277201
446,FISH CREEK,Ranger Station,48.5476231080297,-113.985485990579
447,KINTLA,Ranger Station,48.9344589978665,-114.34383052805799
448,BOWMAN,Ranger Station,48.8306859433576,-114.20229386688999
449,LOGGING,Ranger Station,48.697586888923,-114.19298854056801
450,CUT BANK,Ranger Station,48.6059868176851,-113.37708215119801
451,TWO MEDICINE,Ranger Station,48.4862126013041,-113.36704848838001
452,WALTON,Ranger Station,48.273736571936595,-113.603395532967
453,1913 RANGER STATION,Ranger Station,48.737863442289,-113.43713642600201
454,Apgar Visitor Center,Visitor Center,48.523092633362396,-113.988398186558
455,Logan Pass Visitor Center,Visitor Center,48.695273232351,-113.717912569776
456,St Mary Visitor Center,Visitor Center,48.7474777578215,-113.43907825132099
457,MANY GLACIER,Ranger Station,48.797066289514596,-113.673023313276
458,Diablo East,Ranger Station,29.4767472832658,-101.01547372306601
459,Ranger Station,Ranger Station,29.701463050949698,-101.318390581883
460,Monument Trading Post,Gift Shop,36.8326622402644,-108.00096835138099
461,Aztec Ruins Trading Post,Gift Shop,36.834198289308,-108.000838777293
462,Visitor Center,Visitor Center,38.043610865047,-103.43157018868999
463,Yellowtail Dam Visitor Center,Visitor Center,45.308692411328494,-107.95579951869101
464,Pappy's Restaurant,Food Service,38.4627787528519,-107.166540999427
465,Visitor Center,Visitor Center,36.153150167567794,-109.53902673041901
466,Capitol Reef Visitor Center,Visitor Center,38.2914670044536,-111.262028444118
467,Canyon Visitor Center,Visitor Center,40.2436263948542,-108.97245931646299
468,Northwest New Mexico Visitor Center,Visitor Center,35.1186441786696,-107.82883878442699
469,Visitor Center,Visitor Center,32.1459275388484,-109.436361458663
470,Visitor Center,Visitor Center,41.8365378851627,-110.770361906054
471,Grand Teton Medical Clinic,First Aid Station,43.878504566583096,-110.57383255052099
472,Pine Springs Headquarters and Visitor Center,Visitor Center,31.8943366779042,-104.821724106234
473,Dog Canyon Ranger Station,Ranger Station,31.996305253187103,-104.83340867417299
474,Hovenweep Visitor Center,Visitor Center,37.385798373094396,-109.0753905034
475,Airplane Hangar Visitor Center,Visitor Center,30.2415941349433,-98.62515307095508
476,Visitor Center,Visitor Center,35.8808422765474,-106.302136850105
477,"Y-12 Visitor Services, New Hope Visitors Center",Visitor Center,35.995346542347704,-84.2377223073721
478,Manhattan Project B Reactor Tour Headquarters,Visitor Center,46.3185491314787,-119.30040596181802
479,Visitor Center,Visitor Center,35.0655725166099,-109.781565983213
480,Rainbow Forest Museum & Visitor Center,Visitor Center,34.8151473424578,-109.86581267245501
481,Visitor Center,Visitor Center,40.4439237829469,-111.70494483405899
482,Tumacácori Visitor Center and Museum,Visitor Center,31.567830265058397,-111.051051730769
483,Visitor Center,Visitor Center,35.6167145950851,-99.6863704690024
484,Welcome Center,Visitor Center,31.606731580490102,-97.1759707463038
485,Rainbow Overlook Shelter,Shelter,37.475587791102,-112.240159091712
486,Laser Interferometer Gravitational-wave Observatory,Visitor Center,46.45520404732929,-119.407669428698
487,Sacajawea State Park & Interpretive Center,Visitor Center,46.202301960494204,-119.04364985336399
488,Visitor Center,Visitor Center,29.4659949009601,-100.988402756672
489,Alibates Flint Quarries National Monument Vistor Center,Visitor Center,35.579312870672396,-101.703330661432
490,Visitor Center,Visitor Center,30.458329129204603,-94.38739738059928
491,Rainbow Forest Gift Shop,Gift Shop,34.8147446931842,-109.86477385374901
492,Flagg Ranch Info Station,Visitor Center,44.1072500320049,-110.667020076838
493,New Hope Visitor Center,Visitor Center,35.9950664201573,-84.236978961867
494,K-25 History Center,Visitor Center,35.9311444897254,-84.39358371027251
495,Nez Perce NHP Visitor Center,Visitor Center,46.44753167611629,-116.82275942837299
496,Visit TriCities Visitor Center,Visitor Center,46.2175469558525,-119.217951942794
497,LIGO Visitor Center,Visitor Center,46.4537571993462,-119.403901668138
498,Observation platform,Food Service,32.9959568554033,-111.53660323067899
499,Great Sand Dunes Oasis General Store,Store,37.69242942043579,-105.54767297648199
500,Jacob Lake Ranger Station,Ranger Station,36.706766270724,-112.22920095826599
501,Marble Canyon Restaurant,Food Service,36.8165189112957,-111.638181536696
502,The Havasupai Tribal Cafe,Food Service,36.23658617325871,-112.68889462360701
503,Visitor Center,Visitor Center,27.4239104494597,-97.2990874369558
504,Lees Ferry Ranger Station,Ranger Station,36.8642500517268,-111.602316653328
505,Carl Hayden Visitor Center,Visitor Center,36.9357408573014,-111.48558306201299
506,Wahweap Grille,Food Service,36.993216717353604,-111.487483319304
507,Wahweap Ranger Station,Ranger Station,36.9943208141037,-111.491473547015
508,Lake Powell Sports,Store,36.9923167177421,-111.488949984301
509,Wahweap Boat Rental,Store,37.005833384926,-111.505533317568
510,Hall's Crossing Ranger Station,Ranger Station,37.4729627123184,-110.72067519329399
511,Bullfrog Lodge Restaurant,Food Service,37.517783384772,-110.729833318516
512,Bullfrog Marina Store,Store,37.5179164998624,-110.74386480305
513,Hans Flat Ranger Station,Ranger Station,38.255089331736706,-110.179846654826
514,Bailly-Chellburg,Visitor Center,41.623882260673206,-87.0897749352078
515,Jewel Cave Visitor Center,Visitor Center,43.7298476695777,-103.829500833065
516,Dorothy Buell Memorial,Visitor Center,41.6616935493641,-87.0102461541717
517,Everett,Ranger Station,41.204830157947,-81.57234173837121
518,Brown Vs Board Of Education Visitor Center,Visitor Center,39.054195387691706,-95.6718901793517
519,Fort Larned Visitor Center,Visitor Center,38.1838112413066,-99.2184981481052
520,George Washington Carver,Visitor Center,36.986145071548705,-94.3546447123454
521,Canal,Visitor Center,41.372554727907904,-81.6137389114987
522,Grand Sable,Visitor Center,46.657661480889594,-86.0210035930279
523,Pipestone National Monument Visitor Center,Visitor Center,44.013289362163,-96.32539312837629
524,Coonrad,Ranger Station,41.2814102439796,-81.57204423116909
525,Gulpha Gorge,Ranger Station,34.5242957628378,-93.036323443608
526,Crane Lake,Ranger Station,48.2697448942245,-92.48992147235359
527,Hunt Farm Visitor Information Center,Information,41.200878158261794,-81.5730742368689
528,Kettle Falls,Food Service,48.5024948743672,-92.6399763883088
529,Knife River Center,Visitor Center,47.3315697307786,-101.385482640469
530,Marquette Park,Food Service,41.618530271036796,-87.2685240816595
531,Mississippi River Visitor Center,Visitor Center,44.942779000707596,-93.0985013008549
532,Pulltite,Ranger Station,37.3335380595859,-91.4774244624094
533,Quarry Bay,Ranger Station,46.9226684419494,-90.60977924888529
534,Raspberry Island,Ranger Station,46.9702568492834,-90.80438218310879
535,Rock Harbor,Food Service,48.1462746233323,-88.4845656149025
536,Rocky Island,Ranger Station,47.0301018309453,-90.67599471187559
537,Round Spring,Ranger Station,37.280414567491,-91.40689078648509
538,Sand Point,Ranger Station,46.4524650484682,-86.60710893725891
539,Scotts Bluff National Monument Visitors Center,Visitor Center,41.8286896058302,-103.70729053302901
540,South Twin Island,Ranger Station,47.032951328881396,-90.65129071909041
541,Squire Rich,Ranger Station,41.30968474119071,-81.6233672130406
542,State Park,Ranger Station,41.657478352500206,-87.05992873992871
543,Trego,Ranger Station,45.9047050722911,-91.8163374376849
544,West Beach,Visitor Center,41.6229057680097,-87.208282299728
545,Wind Cave Visitor Center,Visitor Center,43.5561485625573,-103.478126445322
546,Windigo,Food Service,47.911693601945494,-89.1571577408972
547,Agate Fossil Beds Visitors Center,Visitor Center,42.425210529138106,-103.734175645296
548,Ash River Visitor Center,Visitor Center,48.435550698881706,-92.85034163624208
549,Coon Rapids Dam Regional Park,Information,45.140590286111,-93.3022610163001
550,Coon Rapids Regional State Parks,Information,45.13705408570829,-93.30467961594341
551,Manitou Fish Camp,Ranger Station,46.95531804213321,-90.6767638233982
552,Little Sand Bay,Ranger Station,46.9458249586831,-90.8895790609961
553,Rainy Lake Visitor Center,Visitor Center,48.5847041042245,-93.16112721840629
554,Minnehaha Falls,Information,44.915270812017,-93.2100590736532
555,Minnesota Valley National Wildlife Refuge Visitor,Information,44.86193811878,-93.2032315830143
556,Mississippi River Visitor Center,Information,44.9426712006343,-93.0980949005788
557,Fort Scott National Historic Site Visitor Center,Visitor Center,37.8431905388708,-94.7052369455563
558,White River Visitor Center,Visitor Center,43.5116043922916,-102.496550993388
559,Bulletin Board - Cottonwood Campground,Information Board,46.9500143615296,-103.532214361073
560,Herbert Hoover National Historic Site Visitor Center,Visitor Center,41.6709473956518,-91.34571959692221
561,Bulletin Board - Juniper Campground Picnic Area,Information Board,47.5942885732837,-103.33780808598301
562,Heritage Center/Headquarters,Visitor Center,47.9606791322288,-89.68656007160129
563,Sand Island,Ranger Station,46.980822757462505,-90.9353486420944
564,Boston Store Visitor Center,Visitor Center,41.263184445595996,-81.5584893369592
565,Namekagon River Visitor Center,Visitor Center,45.9048137723649,-91.81649753779371
566,Bulletin Board - Juniper Campground,Information Board,47.5947952736279,-103.33954758516501
567,Bulletin Board - Juniper Campground,Information Board,47.594842572660106,-103.33952348514799
568,Bulletin Board - Juniper Group Campground,Information Board,47.5938961730171,-103.33412168847799
569,Bulletin Board - North Unit Visitor Center,Information Board,47.59977976501471,-103.26001640512699
570,Bulletin Board - Painted Canyon Visitor Center,Information Board,46.895367255399506,-103.381559108709
571,Bulletin Board - Painted Canyon Visitor Center,Information Board,46.895464755465795,-103.38161860875
572,Bulletin Board - Roundup Horse Group Camp,Information Board,47.0071252533338,-103.50512925667
573,Bulletin Board - South Unit Visitor Center,Information Board,46.916380664677106,-103.525994067846
574,National Park Visitor Center,Visitor Center,34.7380176890518,-92.29739152753851
575,Pea Ridge National Military Park Visitor Center,Visitor Center,36.4437472530149,-94.02548634269769
576,Philip A. Hart Visitor Center,Visitor Center,44.8115265695277,-86.0561974079404
577,Bourgeois House Visitor Center,Visitor Center,47.9994832925944,-104.040473727411
578,North Unit Visitor Center,Visitor Center,47.5999572661353,-103.26001720512699
579,Old Courthouse,Visitor Center,38.625806857621896,-90.189250813156
580,Buffalo Point Ranger Station,Ranger Station,36.0788561470885,-92.5738099593519
581,Buffalo Point Lower Contact Station,Ranger Station,36.0737143465949,-92.5566631637014
582,Buffalo Point Visitor Contact Station,Visitor Center,36.078770447030294,-92.57388435940241
583,Minuteman Missile National Historic Site Visitor Center,Visitor Center,43.843832203024796,-101.90031639227502
584,Visitor Center,Visitor Center,40.2856752584244,-96.8266125489313
585,Visitor Center,Visitor Center,40.2912333582009,-96.8356934461014
586,Steel Creek Information Station,Ranger Station,36.038523991684706,-93.33832375680299
587,Tyler Bend Visitor Center,Visitor Center,35.986547274369,-92.7634170151809
588,Wright-Dunbar Interpretive Center,Visitor Center,39.7557853513891,-84.2116754526745
589,Huffman Prairie Interpretive Center,Visitor Center,39.793864339262,-84.0884984879815
590,Mound City Group Visitor Center,Visitor Center,39.375993367338296,-83.0065438438442
591,Alley General Store,Visitor Center,37.1531011919876,-91.4436875864868
592,Hunt House,Visitor Center,41.200808959214704,-81.5719861381296
593,Ozark NSR Headquarters,Visitor Center,37.0004891992949,-91.01614371499079
594,Alley Mill,Visitor Center,37.1541741917166,-91.44198658633101
595,Visitor Center and Administration Building,Visitor Center,38.4321654440516,-96.55834100465341
596,Ben Reifel,Visitor Center,43.7490726176401,-101.94165109635999
597,Round Spring Visitor Center,Visitor Center,37.280316167424104,-91.4097465854255
598,Ulysses S. Grant National Historic Site,Visitor Center,38.551002880796,-90.3517517745677
599,Painted Canyon Visitor Center,Visitor Center,46.8955002554899,-103.38175070884
600,Kabetogama Lake Visitor Center,Visitor Center,48.444976512286104,-93.0300297813318
601,Visitor Center,Visitor Center,39.093599009464604,-94.4154346096493
602,Visitor Center,Visitor Center,41.6534949347936,-82.8140197190331
603,Niobrara National Scenic River Visitor Center,Visitor Center,42.868054831029994,-100.553056570875
604,Rock Harbor Visitor Center,Visitor Center,48.1459362241023,-88.48625621405121
605,Windigo Visitor Center,Visitor Center,47.9117963020153,-89.1571360418825
606,Houghton Visitor Center,Visitor Center,47.1229383740234,-88.5636973406688
607,Houghton Visitor Center,Visitor Center,47.122927374015894,-88.5636703406504
608,Gateway Arch and Visitor Centor,Visitor Center,38.6246615578436,-90.184928215219
609,Calumet Visitor Center,Visitor Center,47.2440453493099,-88.4523103579866
610,River Raisin National Battlefield Park Visitor Center,Visitor Center,41.9111350158479,-83.3767233233637
611,St. Croix River Visitor Center,Visitor Center,45.416146900338795,-92.64647436472391
612,Marshland Trail Parking,Visitor Center,45.77392085842939,-92.78315427459151
613,William Howard Taft Education Center,Visitor Center,39.1198081852725,-84.5082181161612
614,Nicodemus National Historic Site,Visitor Center,39.39337427514779,-99.61465422827459
615,Arkansas Post National Memorial Visitor Center,Visitor Center,34.0165748878653,-91.34510793050659
616,Indiana Dunes Visitor Center,Visitor Center,41.6332151570144,-87.0543174441161
617,Paul H. Douglas Center for Environmental Education,Visitor Center,41.6064101728017,-87.26830438251021
618,Wilson's Creek Visitor Center,Visitor Center,37.115718299587606,-93.41982395117859
619,South Unit Visitor Center,Visitor Center,46.9164842657475,-103.526183867975
620,Akers,Ranger Station,37.3756523572006,-91.5527190375686
621,Fort Smith National Historic Site Visitor Center,Visitor Center,35.3881546657893,-94.42987011445749
622,Information Center,Information,43.875973621863395,-103.454092702993
623,Lincoln Borglum Visitor Center,Visitor Center,43.877162621671296,-103.45614410238599
624,Italian Hall Site,Information,47.2484295492887,-88.45553125617501
625,Platte River Campground Office and Ranger Station,Ranger Station,44.7153693891934,-86.11929479981221
626,North Manitou Island Contact Station,Information,45.1225039158222,-85.9771386962237
627,South Manitou Island Visitor Center,Visitor Center,45.0096993411768,-86.0941674727393
628,Russell Snowplow,Information,47.242802749465596,-88.4506637578678
629,Park Headquarters,Ranger Station,47.242368949170796,-88.44803385908091
630,St. Anthony Falls Visitor Center,Visitor Center,44.9808390055675,-93.25737925080509
631,Visitor Center ,Visitor Center,38.8017829831894,-77.0079850861054
632,Visitor Center,Visitor Center,38.7126094056001,-77.0331699132173
633,Proud Mary Waterfront Restaurant,Food Concession,38.7029476090353,-77.02571978215529
634,Visitor Center,Visitor Center,38.6951535767397,-77.0659932835192
635,Education Center,Visitor Center,38.6942992571592,-77.0654806091709
636,Visitor Center,Visitor Center,39.634169819757105,-77.4498160183088
637,Visitor Center,Visitor Center,39.4742001770653,-77.74452244754791
638,Great Falls Ranger Station,Ranger Station,39.000664258319794,-77.24713537359679
639,Concession Area at Great Falls,Food Concession,39.002022293242504,-77.2472521176761
640,Hancock Visitor Center,Visitor Center,39.6939592513812,-78.15483066833309
641,Brunswick Visitor Center,Visitor Center,39.3129945315335,-77.6280219933913
642,Ferry Hill Plantation,Visitor Center,39.4381881815968,-77.7982492650527
643,Cumberland Visitor Center,Visitor Center,39.6497030013111,-78.7635695099425
644,Williamsport Visitor Center,Visitor Center,39.600554050916706,-77.8262602280849
645,Great Falls Tavern,Visitor Center,39.000275894056,-77.2481375872777
646,Visitor Center FR-BV,Visitor Center,38.86362070320521,-76.98450827715399
647,Visitor Center - Oxon Hill OX-BV,Visitor Center,38.8017829831894,-77.0079850861054
648,Great Falls Park Visitor Center,Visitor Center,38.996868729740896,-77.2548181028168
649,Visitor Center,Visitor Center,39.31656388595879,-77.7567510818567
650,Henry Hill Visitor Center,Visitor Center,38.8130749988617,-77.52163246810471
651,Arlington Cemetery VC,Visitor Center,38.8829782123577,-77.0655636222273
652,Visitor Center,Visitor Center,39.377213274167204,-77.39560308047359
653,Information Center,Information,39.322602536061794,-77.7303527849203
654,Activity Center,Visitor Center,38.8808446979081,-76.9579207750891
655,Indigo Landing and Afterdeck Restaurant,Food Concession,38.8332962736011,-77.0419686111956
656,Visitors Center,Visitor Center,38.559907255846205,-77.3471400985453
657,Ovations Restaurant,Food Concession,38.938089190803,-77.26501658474619
658,Food Services Stand A,Food Concession,38.937201429199796,-77.2646666035084
659,Food Services Stand B,Food Concession,38.9366096497977,-77.2658069822833
660,Appalachian Trail Visitor Center,Visitor Center,39.3254827200187,-77.74054529984559
661,Meadow Kiosk,Information Board,38.937770314586395,-77.2633617316218
662,Arts & Industry Food,Food Concession,38.889134115540294,-77.0242810101777
663,Natural History Food,Food Concession,38.8902077162698,-77.0262035094839
664,White House Visitor Center,Visitor Center,38.8952422146905,-77.0327617059399
665,American History Food,Food Concession,38.890127016215,-77.0303044072703
666,Korean War Veterans Memorial Information Kiosk,Information,38.8884367170665,-77.04904370200279
667,World War II Memorial Information,Information,38.888416316052606,-77.04075640437199
668,Ranger Station,Information,38.9223579091143,-77.0354157037432
669,Box Office,Information,38.9368313029483,-77.2658226042939
670,First Aid,First Aid Station,38.9370999061308,-77.26542679702492
671,Ranger Station,Ranger Station,38.979210297742895,-76.89750711404079
672,Schoodic Woods Campground,Visitor Center,44.380425861615,-68.06571029324991
673,Cadillac Mt. Summit Shop,Store,44.352294470501,-68.2259813401466
674,Sagamore Hill National Historic Site Visitor Center,Visitor Center,40.8862539924895,-73.49957070330271
675,Hulls Cove Visitor Center,Visitor Center,44.408532759712294,-68.2461369288413
676,Jordan Pond House Shop,Store,44.3203879778221,-68.2536975319784
677,Schoodic Education and Research Center,Information,44.336066568475,-68.0591396957855
678,Sieur de Monts Nature Center,Information,44.3620854671536,-68.2078922448559
679,Thompson Island Information Center,Information,44.42684446215429,-68.3667736868084
680,Thunder Hole Shop,Store,44.3213893755025,-68.1894480533239
681,Beach Hut,Store,38.206267788564794,-75.15155783375029
682,Canoe/Kayak Rental,Store,38.2101663882137,-75.1676492286837
683,Toms Cove Visitor Center,Visitor Center,37.890031760697205,-75.34493149113871
684,Henry A. Wallace Visitor & Education Center,Visitor Center,41.7699540369221,-73.933546609169
685,Thompson Island Information Center,Information,44.42684446215429,-68.3667736868084
686,Washington's Headquarters Museum,Visitor Center,40.797242744010504,-74.4671113997011
687,Jockey Hollow Visitor Center,Visitor Center,40.762690752534,-74.54263137701341
688,Barrier Island Visitor Center,Visitor Center,38.2476052796516,-75.1545723307985
689,Chincoteague NWR Vistor Center,Visitor Center,37.9086086573193,-75.3561879857869
690,Visitor Center,Visitor Center,43.5007351569065,-72.3676081081873
691,Ranger Contact Station,Ranger Station,38.20836548799,-75.15288593265271
692,Thompson Island Information Center,Visitor Center,44.4268388621505,-68.36677518680939
693,Minute Man Visitor Center (Primary Visitor Center),Visitor Center,42.4487592161383,-71.26950873508041
694,North Bridge Visitor Center,Visitor Center,42.4707439150759,-71.35233780735891
695,Minute Man NHP Ranger Station Law Enforcement Office,Ranger Station,42.450730916478,-71.2937905265787
696,Pavilion Visitor Center,Visitor Center,41.7978315308635,-73.9417845047662
697,Visitor Center,Visitor Center,41.763177436317704,-73.8989951206928
698,Roosevelt Museum at Old Orchard,Visitor Center,40.886051692352,-73.4960447039069
699,Theodore Roosevelt Home,Visitor Center,40.885477691962,-73.5011727033912
700,Visitor Center,Visitor Center,39.811568540291205,-77.2260139882458
701,Province Lands Visitor Center,Visitor Center,42.074025854524606,-70.20525740597161
702,Race Point Ranger Station,Ranger Station,42.078799953768396,-70.2202952001891
703,Visitor Center,Visitor Center,42.2566908446369,-71.0104667310735
704,Salt Pond Visitor Center,Visitor Center,41.8372537926491,-69.9727588949998
705,Roger Williams Visitor Center,Visitor Center,41.831319438617,-71.41072132502771
706,Adams National Historical Park Visitor Center,Visitor Center,42.2521743455681,-71.0035974334062
707,Visitor Center,Visitor Center,40.101374263200604,-75.42232507372391
708,Valley Forge Ranger Station,Ranger Station,40.0982628510865,-75.4193530017046
709,Cowen House,Ranger Station,41.4587934295031,-74.8940094377583
710,Milanville Office,Ranger Station,41.672827489929105,-75.0642826194509
711,Town of Eastham Police and Fire,Police,41.8307037361986,-69.9735403865308
712,Visitor Center,Visitor Center,39.775525755801795,-79.93127845234591
713,Visitor Center,Visitor Center,39.8142587341191,-79.58625525391881
714,Lumbermen's Museum,Visitor Center,46.00147208903971,-68.45293326834971
715,Millinocket Contact Station,Visitor Center,45.656306240515796,-68.70917164645171
716,South entrance,Entrance / Exit,45.880405989780996,-68.5589231153648
717,Byrd Visitor Center,Visitor Center,38.5178626452788,-78.43680809492349
718,"Discovery Center, Fan Pier",Visitor Center,42.3542900269509,-71.0469816128837
719,Jamaica Bay Wildlife Refuge,Visitor Center,40.6167175563521,-73.82493211637049
720,Elkwallow Gap,Store,38.738619795272896,-78.3089776200687
721,Brooks,Ranger Station,37.7240105018936,-80.8893278972954
722,Ryan Visitor Center,Visitor Center,40.5881234639238,-73.8969286942888
723,Sailors Haven Visitor Center,Visitor Center,40.6568757226377,-73.10447384385292
724,Historic Life Saving Station and Visitor Center,Visitor Center,40.4266822992321,-73.9842902746469
725,Watch Hill General Store,Store,40.692271811687604,-72.99075107858371
726,Wayside Restaurant,Food Service,38.5175133440415,-78.4385480941057
727,Store / Gift Shop,Store,38.5174058449684,-78.43832489395409
728,Security,Entrance / Exit,40.689940350103505,-74.0451421399928
729,Chancellorsville Battlefield,Visitor Center,38.3111457558244,-77.64992505027351
730,The Pier Restaurant and Snack Bar,Food Service,40.692320611720795,-72.9910943778169
731,New Bedford Whaling National Historical Park Visitor Center,Visitor Center,41.6356962607002,-70.9241634954345
732,Hinton,Visitor Center,37.6553993162755,-80.8933486000273
733,Loft Mountain,Ranger Station,38.2487221074105,-78.6705015397072
734,Loft Mountain,Information,38.248733508418205,-78.67062363979021
735,Loft Mountain,Store,38.2511329070485,-78.6668699412397
736,Panorama,Food Service,38.6599045107896,-78.32134992147509
737,Simmons Gap,Ranger Station,38.3000411952794,-78.6204069516702
738,Swift Run Gap,Ranger Station,38.3585471810314,-78.54679857065679
739,Wayside,Food Service,38.262149803534,-78.6610792423052
740,Wayside,Store,38.2621574045392,-78.66080464211859
741,Burlingham House,Visitor Center,41.256500818054704,-73.4564441950002
742,Canarsie Pier,Visitor Center,40.628944455659706,-73.8847969960458
743,Old Rag Fee Station,Ranger Station,38.5708420282758,-78.28678283798841
744,Market Mills,Visitor Center,42.6445130811438,-71.31303920865729
745,Lower Whiteoak Canyon Station,Ranger Station,38.539558837020394,-78.3493001214659
746,Lighthouse Visitor Center,Visitor Center,40.6322658319164,-73.2185418093568
747,Skyland Resort - Office,Ranger Station,38.5923909269173,-78.38096410798009
748,Skyland Restaraunt,Food Service,38.5929904273246,-78.3805634077078
749,Yorktown Visitor Center,Visitor Center,37.230856938818896,-76.5023235665321
750,Eastern Front Visitor Center,Visitor Center,37.2438607646544,-77.35691510318699
751,Liberty Island Information Center,Ranger Station,40.6904454494467,-74.0464671398931
752,Theodore Roosevelt Birthplace National Historic Site Visitor Center,Visitor Center,40.738663938209,-73.9889605558201
753,Grant's Headquarters at City Point,Visitor Center,37.316786447203995,-77.2773627241348
754,Skyland Giftshop,Store,38.5927399271544,-78.3802887075212
755,Five Forks Visitor Center,Visitor Center,37.1352769978769,-77.6200648279848
756,Visitor Center,Visitor Center,37.3776037895265,-78.7960025539792
757,GEWA Visitor Center,Visitor Center,38.183100355823605,-76.91791998391041
758,Bearfence Hut Shelter,Shelter,38.444175560211896,-78.47050718982041
759,Skyland Dining Room,Food Service,38.592964527307004,-78.38040270759859
760,South River Shelter,Shelter,38.3748148760846,-78.5218411766995
761,Big Meadows Lodge,Food Service,38.5296713423023,-78.4410169927832
762,Big Meadows Wayside,Food Service,38.5174447439949,-78.4384182940175
763,Dickey Ridge,Visitor Center,38.8717188637075,-78.2046579441883
764,Visitor Center,Visitor Center,40.349799995994104,-78.77122507014408
765,Blackrock Shelter,Shelter,38.2142866170132,-78.7429129199073
766,Byrd's Nest #2 Shelter,Shelter,38.555099835579796,-78.3957209050067
767,Byrd's Nest #3 Shelter,Shelter,38.6344308174814,-78.3236955220688
768,Byrd's Nest #4 Shelter,Shelter,38.7015024030534,-78.324920317901
769,Gravel Spring Shelter,Shelter,38.7639582874892,-78.2337078419264
770,Hightop Shelter,Shelter,38.3331880858011,-78.5582760694552
771,Indian Run Shelter,Shelter,38.82609297170679,-78.1643180597793
772,Lewis Mtn Campstore,Store,38.4369922623312,-78.4784366872082
773,Loft Mtn Campstore,Store,38.2508076068275,-78.6669305412809
774,Loft Mtn Ivy Creek Shelter,Shelter,38.2648459043658,-78.6549418441351
775,Outdoor Concessions,Food Service,40.69855794695879,-74.0391229419031
776,Eastern National Bookstore,Store,40.6991243473436,-74.03968814228709
777,Old Rag Shelter Pit Privy,Shelter,38.553535432516796,-78.3300077263576
778,Old Rag Shelter,Shelter,38.5540007328329,-78.3299148262945
779,Pass Mtn Shelter,Shelter,38.6766667081787,-78.31893192083209
780,Pinefield Shelter,Shelter,38.2906578989039,-78.645818244936
781,Ragged Run Shelter,Shelter,38.550164933226704,-78.32103392926041
782,Range View Shelter,Shelter,38.74341099352829,-78.2964528235586
783,Rock Spring Shelter,Shelter,38.553499636492504,-78.40824930051909
784,Hamilton Grange National Memorial Visitor Center,Visitor Center,40.821418720436895,-73.94730126351459
785,Governors Island Visitor Center,Visitor Center,40.6928145480564,-74.0152587486885
786,Gift Shop,Store,40.6900050491475,-74.0461970397096
787,Gift Shop,Store,40.689663448915404,-74.0462878397713
788,Audio Tours,Information,40.6901954492769,-74.046390438841
789,Gift Shop,Gift Shop,40.6898544500452,-74.0450554399339
790,Thurmond Depot,Visitor Center,37.957286562393705,-81.07878652502359
791,LE/Ranger Station,Ranger Station,40.4091455723167,-78.4581216634051
792,Visitor Shelter,Information,40.050675258752996,-78.9017164498068
793,Main Immigration Building,Visitor Center,40.6991059473311,-74.039543642189
794,Chesapeake Bay Map,Information Map,39.2651982240582,-76.5793242248505
795,Sailors Haven Snack Bar;Sailors Haven Gift Shop,Food Service,40.6571388238165,-73.10409464359529
796,Edgar Allan Poe Museum Shop,Store,39.961952533470004,-75.14989883162309
797,Franklin Museum Shop,Store,39.9495629350519,-75.14675363448609
798,Gift Shop,Store,40.6988205481372,-74.0393087410293
799,Ellis Island Cafe,Food Service,40.6988076481285,-74.03913884191391
800,Audio Tours,Information,40.6991031483292,-74.0396405422548
801,African Burial Ground Visitor Center,Visitor Center,40.71498884412279,-74.0054446510203
802,Audio Tours,Information,40.689321849683296,-74.0448209407746
803,City Tavern,Food Service,39.94712693639671,-75.14454883598799
804,Seasonal Independence Cafe,Food Service,39.951769233551005,-75.1490081340179
805,INHP Museum Store,Store,39.94886153457529,-75.1493501342503
806,Independence Visitor Center,Ranger Station,39.95170653350829,-75.14996183266591
807,Sandstone Visitor Center,Visitor Center,37.783191190104105,-80.89784789108441
808,Grandview Visitor Center,Ranger Station,37.83165058703,-81.0648379365463
809,Marinus Willett Center for Collections Management and Education,Visitor Center,43.2100348263893,-75.4574837156126
810,Museum Store,Store,41.256523719070294,-73.45638489496
811,Gregg Barracks,Ranger Station,43.2105317247269,-75.45547851725009
812,Protection Office,Ranger Station,42.6445085811408,-71.3121087090251
813,Watch Hill Visitor Center,Visitor Center,40.692342712735794,-72.990258578249
814,William Floyd Estate,Visitor Center,40.7737548910516,-72.83001572537151
815,Ticket Booth,Information,41.407897170921395,-75.6720353743904
816,Big Meadows Campground,Ranger Station,38.5286859416327,-78.4386510941757
817,Boston African American NHS/Museum of African American History,Visitor Center,42.360069326877706,-71.0651624072367
818,Cold Harbor Visitor Center,Visitor Center,37.585332391668295,-77.286875104598
819,Fort Harrison - Log Cabin Visitor Center,Visitor Center,37.42812792785529,-77.3722855876305
820,Glendale Visitor Center,Visitor Center,37.43569562099721,-77.2344816299992
821,Chimborazo Medical Museum and Park Headquarters,Visitor Center,37.5268091089045,-77.4122168697619
822,Malvern Hill Information Kiosk,Information,37.4129720255576,-77.250251425714
823,Tredegar Visitor Center,Visitor Center,37.53537450772429,-77.4458366586049
824,Maintenance Shop,Store,42.3699466145889,-73.7044347444982
825,New Bedford Waterfront Visitor Center,Visitor Center,41.6356994607024,-70.9211084953588
826,Overlook Pavilion and Visitor Center,Visitor Center,40.8137077221976,-73.9637735587067
827,Fire Island Wilderness Visitor Center,Visitor Center,40.732445700983895,-72.8669279164517
828,Bookstore,Gift Shop,41.4079915699856,-75.6716291741143
829,Steamtown NHS Visitor Center,Visitor Center,41.4076431707489,-75.671610974102
830,Visitor Center,Visitor Center,45.12415800194611,-67.1474810643563
831,Independence Visitor Center,Visitor Center,39.951393935296004,-75.15002823371108
832,Kittatinny Point Visitor Center,Visitor Center,40.970207733532,-75.1282511759146
833,Kittatinny Point Visitor Center,Information,40.9701800335133,-75.1282405769073
834,Mohican Outdoor Center,Information,41.0350082155609,-75.001005414457
835,Park Headquarters,Information,41.0705743097265,-75.016960905298
836,Canyon Rim Visitor Center,Visitor Center,38.0700433400066,-81.075931818084
837,Visitor Center,Visitor Center,40.783976737996895,-74.23389517424171
838,Elkwallow Wayside,Food Service,38.738586395250294,-78.3091760212035
839,Frederick Law Olmsted Visitor Center,Visitor Center,42.3254707353695,-71.1325454870203
840,Main Door,Entrance / Exit,40.8932270022273,-73.82563889785071
841,Ansley Wilcox,Visitor Center,42.9012298245708,-78.87296284327009
842,Hopewell Furnace Visitor Center,Visitor Center,40.2067095067709,-75.77383941956141
843,Waite and Pierce,Visitor Center,42.520946291186,-70.88771045566641
844,National Park Service Regional Visitor Center,Visitor Center,42.5225492912752,-70.8919534535493
845,Navy Yard Visitor Center,Visitor Center,42.3732138238088,-71.0566181094312
846,Faneuil Hall Visitor Center,Visitor Center,42.360053626867,-71.0560018100125
847,Fort Stanwix,Visitor Center,43.210391325631505,-75.4554299162171
848,Dingmans Falls Visitor Center (Site Closed - Storm Damage),Information,41.2294688746878,-74.88789753660551
849,Dingmans Falls Visitor Center - Closed - Storm Damage,Visitor Center,41.2294688746878,-74.88789753660551
850,PEEC - Administrative Building,Information,41.171178587082295,-74.91411143241659
851,Longfellow House Visitor Center,Visitor Center,42.3768577252846,-71.126350285811
852,Visitor Contact / Ranger Station,Visitor Center,37.629948697983,-119.08483864535
853,Muir Woods Trading Company,Food Service,37.893436000010205,-122.572870000303
854,Muir Woods Visitor Center,Visitor Center,37.8928428566073,-122.57245173801901
855,Warner Valley Ranger Station,Ranger Station,40.4410612750019,-121.37872567793801
856,Lassen Crossroads,Information,40.5453231508429,-121.57644614928002
857,Summit Lake Ranger Station,Ranger Station,40.498122490772296,-121.42799847241699
858,Kohm Yah-mah-nee Visitor Center,Visitor Center,40.437773025767704,-121.533824978321
859,Butte Lake Ranger Station,Ranger Station,40.5648887611368,-121.303440810786
860,Loomis Ranger Station,Ranger Station,40.5360978805748,-121.562297064666
861,Loomis Museum,Visitor Center,40.536119683589604,-121.563135666236
862,Juniper Lake Ranger Station,Ranger Station,40.4505619934572,-121.29397870235701
863,Visitor Center,Visitor Center,20.025565043631698,-155.821768163367
864,Point Reyes Lighthouse Visitor Center,Visitor Center,37.9964996330372,-123.020462581421
865,PRNSA Bookstore at Drakes Beach,Gift Shop,38.0279272003907,-122.961475500342
866,Kenneth C. Patrick Visitor Center,Visitor Center,38.0279692004192,-122.961680500482
867,Bear Valley Visitor Center,Visitor Center,38.0411172003527,-122.800322399846
868,High Bridge Ranger Station,Ranger Station,48.3802817643291,-120.837787947397
869,Visitor Center,Visitor Center,-14.2744210125969,-170.69692920634
870,Visitor Center,Visitor Center,42.8177853988743,-114.89820736973101
871,Golden West Visitor Center,Visitor Center,48.308357895460205,-120.65636823913
872,Mountain Room and Base Camp Eatery,Food Service,37.7433103150069,-119.598916654642
873,Glacier Point Gift Shop,Food Service,37.7283849618659,-119.573617065452
874,Wawona Store & Pioneer Gift Shop,Store,37.537596798234205,-119.657440725406
875,Big Oak Flat Information Station,Information,37.8003350207525,-119.87542135951401
876,Village Store,Store,37.747001543515,-119.584470050826
877,Valley Visitor Center & Theater,Visitor Center,37.748728514688295,-119.587249659715
878,Curry Village Pavillion,Food Service,37.7372742809057,-119.571107342747
879,Yosemite Medical Clinic,First Aid Station,37.7485866695919,-119.58278753168301
880,Mountain Room Lounge and Cliff Room,Food Service,37.7438820393954,-119.59871705750601
881,Mariposa Grove Welcome Plaza,Information,37.506751119276,-119.63001272777001
882,Tuolumne Meadows Visitor Center,Visitor Center,37.8715794591598,-119.374103290892
883,Tuolumne Meadows Wilderness Center,Information,37.8769273847934,-119.34565218156
884,Yosemite Valley Lodge Gift Shop,Store,37.743881458395,-119.598484053348
885,Housekeeping Camp,Store,37.74096988441671,-119.579183693234
886,Curry Village Gift & Grocery and Mountain Shop,Store,37.7375122720674,-119.571029332694
887,Wawona Visitor Center,Visitor Center,37.537239794991706,-119.655408693025
888,The Ansel Adams Gallery,Store,37.7484919865276,-119.58681176441699
889,Degnan's Kitchen,Food Service,37.7479970771914,-119.585484936516
890,Wawona Campground Office,Information,37.5401642619787,-119.65187913762699
891,Yosemite Valley Campground Office,Information,37.739191259208205,-119.569004710318
892,Village Grill,Food Service,37.746677870295,-119.58445195681401
893,Valley Wilderness Center,Information,37.7482999983972,-119.58660688927799
894,Tuolumne Meadows Store/Grill,Store,37.874338458034394,-119.356795910132
895,El Portal Market,Store,37.674613960331,-119.782169892154
896,Visitor Center,Visitor Center,34.1466271402297,-82.02324533873909
897,Cosby Knob Shelter,Shelter,35.7282719478831,-83.18199971005821
898,Kings Mountain National Military Park,Visitor Center,35.141315003073395,-81.37714227674229
899,HI BD Frisco Campground Kiosk,Information,35.234608684461996,-75.60781841375791
900,Entrance / Exit,Entrance / Exit,31.5429642421632,-91.3828132361256
901,Obed Visitor Center,Visitor Center,36.1062071286722,-84.59851757251549
902,HI BD Cape Point CG Kiosk,Information,35.2356004811359,-75.5336668373754
903,Clingmans Dome Visitor Center,Visitor Center,35.5574464958152,-83.49617552852591
904,Fort Frederica Visitor Center,Visitor Center,31.2233880720262,-81.3893007620035
905,Little River Ranger Station,Ranger Station,35.688851970099,-83.5377539077764
906,Visitor Center,Visitor Center,36.1629076441976,-82.829537987577
907,Ridgeland Information Cabin,Information Map,32.4259359101009,-90.1260134311892
908,Entrance / Exit,Entrance / Exit,32.7605694734687,-79.8576632463278
909,William M Colmer Visitor Center,Visitor Center,30.391958497108803,-88.79098819610229
910,Entrance / Exit,Entrance / Exit,35.2512353767591,-75.52933643843309
911,Visitor Center,Visitor Center,28.9272926959372,-80.82439881517921
912,Garden Key Visitor Center,Visitor Center,24.627892015696503,-82.87264265486459
913,Naval Live Oaks Picnic Area,Shelter,30.364721947602895,-87.1275657568848
914,Shark Valley Visitor Center,Visitor Center,25.756957218843304,-80.7653478060568
915,OI BD Silver Lake Dock Kiosk,Information,35.115796921735104,-75.98599330370999
916,First Aid Station,First Aid Station,35.0685377336246,-76.0575677843415
917,Flamingo Campground Information Board,Information Board,25.1370281786307,-80.93900165404641
918,TImucuan Preserve Visitor Center,Visitor Center,30.386128970148,-81.4976256636052
919,Entrance / Exit,Entrance / Exit,32.7603628733283,-79.8579003464889
920,Entrance / Exit,Entrance / Exit,35.206134193115,-75.7042290862644
921,Little River Canyon Center,Information,34.398829022589,-85.6336236778214
922,Long Pine Key Campground Bulletin Board,Information Board,25.400643147744603,-80.65486547498921
923,Look Rock Ranger Station,Ranger Station,35.6367792977181,-83.9362076955071
924,MtLeConte Shelter,Shelter,35.6531731738569,-83.43884103856979
925,Visitor Center,Visitor Center,32.6361544169345,-91.4032128729862
926,Mount Collins Shelter,Shelter,35.5940747867024,-83.4710327334425
927,Information,Information,34.7599361139444,-76.41286109074659
928,Blue Ridge Music Center,Visitor Center,36.573190281965395,-80.8499975515723
929,Tourism Information,Information,18.4636019333511,-66.11393719211179
930,Cades Cove Visitor Center,Visitor Center,35.58496100451,-83.8430825262329
931,Long Pine Key Campground Bulletin Board,Information Board,25.398133148039197,-80.6557388745827
932,Cumberland Knob,Visitor Center,36.5536359876791,-80.906963536278
933,Shelter,Shelter,34.6532668424676,-76.55636015224749
934,Flamingo Visitor Center,Visitor Center,25.141443635630804,-80.9238319107393
935,Pecks Corner Shelter,Shelter,35.6507965692422,-83.30851857802179
936,Peaks Country Store,Store,37.445397752589294,-79.6104891743846
937,Crabtree Meadows,Food Service,35.81341938973671,-82.1429671120844
938,Ranger Station,Ranger Station,35.8287229521348,-75.558807101457
939,Ranger Station,Ranger Station,30.364012649120998,-87.13078575607271
940,Cinnamon Bay,Food Service,18.352269243705802,-64.7542282162535
941,Kosciusko District Ranger Office,Ranger Station,33.0366279620375,-89.58036194744459
942,Fort Donelson National Battlefield Visitor Center,Visitor Center,36.482400196277794,-87.8625856112963
943,Visitor Center,Visitor Center,25.4644966431301,-80.3347817605074
944,Visitor Center,Visitor Center,37.18701453203,-86.1010656914263
945,U.S.S. Cairo Museum,Information,32.3757771500204,-90.8670287316742
946,Entrance / Exit,Entrance / Exit,35.8182862540435,-75.56392419993391
947,Main Visitor Parking Entrance and Exit,Entrance / Exit,33.758983309844,-84.37321877543549
948,Sea Camp Ranger Station,Visitor Center,30.764359334137698,-81.47060648324691
949,Food Service,Food Service,37.1860048323441,-86.1013592906258
950,Trunk Bay,Food Service,18.3526038849332,-64.76829925081411
951,Visitor Center,Visitor Center,32.0365866855564,-84.39251085554359
952,Shelter,Shelter,36.6008493867584,-83.6283064253026
953,National Prisoner of War Museum,Visitor Center,32.1974923408843,-84.1271061252136
954,First Aid Station,First Aid Station,34.6064785516771,-76.5355369610991
955,Entrance / Exit,Entrance / Exit,35.8321707514774,-75.5587314014056
956,Craggy Gardens Visitor Center,Visitor Center,35.7002656228541,-82.3796442478953
957,Whetstone Ridge,Food Service,37.8854103445572,-79.151962085837
958,Cruz Bay Visitor Center,Visitor Center,18.3327764504614,-64.79371420408229
959,FOPU Visitor Center,Visitor Center,32.027141773139,-80.892677073571
960,Royal Palm Information Center,Visitor Center,25.3823669483268,-80.6095531752017
961,Lameshur,Ranger Station,18.322628051566,-64.7265471254455
962,Linville Falls Visitor Center,Visitor Center,35.9545624516368,-81.9277351668443
963,Crossville Visitor Center,Visitor Center,35.9811251706849,-85.00889846234999
964,Peaks Of Otter,Food Service,37.4452171534666,-79.6110761737834
965,Laurel Gap Shelter,Shelter,35.6653746611473,-83.1876812119185
966,Visitor Center,Visitor Center,35.271417315471794,-82.4472190528093
967,Christiansted National Historic Site Visitor Center,Visitor Center,17.746947322418002,-64.7017181425754
968,U.S. Customs,Police,18.3320262499516,-64.7945399036434
969,Cades Cove Ranger Station,Ranger Station,35.6031320988564,-83.7766945441253
970,Cedar Point,Information,30.443412055069103,-81.4608839726409
971,Tupelo Visitor Center,Visitor Center,34.3300833618796,-88.70989271300171
972,Kosciusko Welcome Center,Visitor Center,33.0375229616455,-89.5786630472903
973,Entrance / Exit,Entrance / Exit,32.760231373239,-79.8575953462816
974,Entrance / Exit,Entrance / Exit,35.2505751783106,-75.5288323380906
975,Visitor Center,Visitor Center,36.020685413564294,-75.6676663584218
976,Gulf Coast Ranger Station,Ranger Station,25.8466945318156,-81.3863718390134
977,Visitor Center,Visitor Center,37.5308952936809,-85.7359195473267
978,Portsmouth,Visitor Center,35.069783134470896,-76.06391518165421
979,Blue Ridge Parkway Visitor Center,Visitor Center,35.565815754501706,-82.4863197253763
980,Ranger Station,Ranger Station,28.6446569608996,-80.683310066316
981,Oconaluftee Visitor Center,Visitor Center,35.5127117984201,-83.306236086471
982,Information,Information,34.715680831875,-76.6639072173206
983,Food Service,Food Service,25.760490477244,-80.7754820249425
984,Parkway Visitor Center,Visitor Center,34.3303425620557,-88.71058401347142
985,National Prisoner of War Museum,Information,32.197455240859,-84.12699552513841
986,Future site of Flamingo Restaurant,Food Service,25.140050037683896,-80.9259307711653
987,Natchez Visitor Center,Visitor Center,31.554740541164602,-91.412088829017
988,Fort Moultrie Visitor Center,Visitor Center,32.760346073316896,-79.8575850462747
989,Lookout Mountain Battlefield Visitor Center,Visitor Center,35.0096383836053,-85.3438574249389
990,Craggy Gardens,Visitor Center,35.69927982318429,-82.39253224465209
991,Whalebone Information Station,Information,35.904347436518,-75.5976186858277
992,ATM,ATM,25.1428949236168,-80.9227443850003
993,Balsam Mountain Campground Ranger Station,Ranger Station,35.5678850809077,-83.1754716206227
994,Stearns Visitor Contact Station,Visitor Center,36.7040780008974,-84.46658257187191
995,Port Gibson District Office,Ranger Station,31.9414655439261,-90.9729583256484
996,Catalooche Ranger Station,Ranger Station,35.6294947647686,-83.0933541418277
997,Mollies Ridge Shelter,Shelter,35.545838010927795,-83.79362634262979
998,Visitor Center,Visitor Center,33.7563045110239,-84.3733768745429
999,Silers Bald Shelter,Shelter,35.564258098443396,-83.5682655065076
1000,Fort Barrancas Visitor Center,Visitor Center,30.3490298569408,-87.29802530970409
1001,Entrance / Exit,Entrance / Exit,35.8319717513422,-75.5586329013387
1002,Oracoke Island,Visitor Center,35.1162835220657,-75.9863386039446
1003,Cades Cove Store,Food Service,35.603500599106795,-83.7761168437328
1004,Moses Cone Manor House,Visitor Center,36.1492000018839,-81.69295942632529
1005,Spence Field Shelter,Shelter,35.5618183047856,-83.73267046021309
1006,20 Mile Ranger Station,Ranger Station,35.4670030313631,-83.8778061228259
1007,Ranger Station,Ranger Station,30.2340146277934,-88.66875183604841
1008,Parkway Information Cabin,Visitor Center,32.4262101102872,-90.1259672311577
1009,Entrance / Exit,Entrance / Exit,35.251197876733606,-75.52970913768641
1010,Ranger Station,Ranger Station,30.3016369717396,-87.4127154796307
1011,Elliott Key Visitor Center,Visitor Center,25.452650443081197,-80.19608810227159
1012,Visitor Center,Visitor Center,29.714911320087104,-81.23459356588721
1013,Food Service,Food Service,25.861475351858502,-81.38327761791109
1014,Fort Christiansvaern,Visitor Center,17.746870322365698,-64.7017771426155
1015,Bluffs Restaurant & Gift Shop,Food Service,36.4342509225626,-81.1772619619331
1016,Bodie Island Visitor Center,Visitor Center,35.8182523540205,-75.5639959999827
1017,US Hwy 82,Information,33.5393663416245,-89.14465403940159
1018,Mammoth Cave,Food Service,37.1861000324087,-86.1010435914113
1019,Shelter,Shelter,34.89809547781719,-76.257028931866
1020,Stones River National Battlefield Visitor Center,Visitor Center,35.88053155233629,-86.43479055717671
1021,Ranger Station,Ranger Station,25.4643658430412,-80.3347388614782
1022,Information,Information,34.6856565344748,-76.5262889598155
1023,Visitor Center,Visitor Center,27.523836083354503,-82.64394383347451
1024,Visitor Center,Visitor Center,35.1366943199338,-81.81802574630191
1025,Big Creek Ranger Station,Ranger Station,35.760191437570796,-83.1052620309185
1026,Melrose Visitor Center,Visitor Center,31.543156642293898,-91.3831116363283
1027,Barataria Visitor Center,Visitor Center,29.7839423729905,-90.1155218600606
1028,Folk Art Center,Visitor Center,35.5925801486869,-82.48171022424441
1029,Otter Creek Restaurant & Gift Shop,Food Service,37.5763814145866,-79.3379187481858
1030,Gilbert H. Grosvenor Visitor Center,Visitor Center,34.978642409545,-85.8099126926015
1031,Ocumulgee Visitor Center,Visitor Center,32.8426105342118,-83.6038138696611
1032,Information,Information,26.1687412806312,-81.08273302470509
1033,Crabtree Falls Snack & Camp Store,Store,35.8124464900757,-82.1442452109528
1034,Rocky Knob Visitor Center,Visitor Center,36.8114942118817,-80.3498733877614
1035,Entrance / Exit,Entrance / Exit,35.8184823541768,-75.5634567996163
1036,Merritt Island Nwr Visitor Center,Visitor Center,28.6413492086521,-80.735596218842
1037,Greenbrier Ranger Station,Ranger Station,35.7296735568354,-83.4060571442947
1038,Bandy Creek Visitor Center,Visitor Center,36.4877059558827,-84.6974717197502
1039,Entrance / Exit,Entrance / Exit,35.1414092031374,-81.37715517675109
1040,Ridgeland District Office,Ranger Station,32.4277648103435,-90.125509830847
1041,Shelter,Shelter,34.6936787299256,-76.46958947729091
1042,Peaks of Otter Visitor Center,Visitor Center,37.4455991527262,-79.60995517402179
1043,Davis Bayou,Ranger Station,30.3948326970617,-88.7851865971603
1044,Mount Locust Visitor Center,Visitor Center,31.6869025049625,-91.1891385805327
1045,Humpback Rocks Visitor Center,Visitor Center,37.9727165178776,-78.89946165827479
1046,Fort Pickens Visitor Center,Visitor Center,30.3277812615034,-87.2901464133508
1047,Oconaluftee Ranger Station,Ranger Station,35.55587878875,-83.3114780820326
1048,Visitor Contact Station,Visitor Center,17.7799392128344,-64.76152212420939
1049,Ranger Station,Ranger Station,30.211324143376302,-88.9721472541913
1050,Leipers Fork Maintenance Office,Ranger Station,35.8940044754905,-87.02431748873249
1051,Welcome to Everglades National Park Information Board and Map,Information Board,25.395192174041,-80.5840452138702
1052,Davenport Gap Shelter,Shelter,35.769284536749204,-83.1234784252957
1053,Dancy District Office,Ranger Station,33.6637337131264,-89.06147635488621
1054,Double Spring Gap Shelter,Shelter,35.5652211960977,-83.5426068150737
1055,Visitor Center,Visitor Center,33.983069870100195,-84.5780397036017
1056,Fort Sumter Visitor Education Center,Visitor Center,32.7905130678139,-79.9253890253443
1057,Visitor Center & Bookstore,Visitor Center,18.467347231895896,-66.1106478928769
1058,Campground Store,Store,30.321705463375203,-87.2755766184513
1059,Entrance / Exit,Entrance / Exit,36.4308469242497,-81.1809847614625
1060,Derrick Knob Shelter,Shelter,35.5664603009396,-83.6418403864983
1061,Pisgah Inn Restaurant,Food Service,35.4023358994248,-82.7545617546342
1062,Colbert Ferry Visitor Center,Ranger Station,34.833892128194,-87.9481311954205
1063,Long point,Ranger Station,34.8991715775483,-76.2558418330594
1064,Naval Live Oaks Visitor Center,Visitor Center,30.363979049098102,-87.1306663559916
1065,Harry Hampton Visitor Center,Visitor Center,33.8296126668333,-80.8233695094798
1066,TU IM Brices Crossroads National Battlefield Interpretive Media,Information Board,34.5059028053407,-88.7291109290596
1067,Lighthouse,Visitor Center,34.624058147621696,-76.52330496378801
1068,Long Pine Key Campground Bulletin Board,Information Board,25.3970117482773,-80.65915167490151
1069,Visitor Center,Visitor Center,35.1513061798619,-88.3223339686737
1070,Waterrock Knob Visitor Center,Visitor Center,35.4601789017264,-83.1410203382146
1071,Entrance / Exit,Entrance / Exit,35.8321234514453,-75.5585543012853
1072,Bookstore,Visitor Center,35.150767980496305,-88.32157037015492
1073,Cherokee Maintenance Office,Ranger Station,34.758655146074,-88.0144923805098
1074,Gatlinburg Welcome Center,Visitor Center,35.7337349595949,-83.52131050960391
1075,Icewater Spring Shelter,Shelter,35.6298093769823,-83.386322555886
1076,Entrance / Exit,Entrance / Exit,31.5431404422829,-91.38272683606691
1077,Oasis Visitor Center,Visitor Center,25.8572883590136,-81.03257804662721
1078,Meriwether Lewis Historic Information Cabin,Visitor Center,35.5092113710417,-87.4597037895571
1079,Harkers Island Visitor Center,Visitor Center,34.6856472344685,-76.52623605977959
1080,Helenwood Visitor Center,Visitor Center,36.4201010629484,-84.5380605714378
1081,Gulf Coast Visitor Center,Visitor Center,25.8457523751754,-81.3859376257184
1082,Gulf Coast Visitor Center,Visitor Center,25.8457523751754,-81.3859376257184
1083,Elkmont Ranger Station,Ranger Station,35.6603965777649,-83.58377169704329
1084,Abrams Creek Ranger Station,Ranger Station,35.6082914043619,-83.93596729734371
1085,Ranger Station,Ranger Station,30.3184609631707,-87.2555145238201
1086,Cumberland Gap National Historical Park Visitor Center,Visitor Center,36.602730090036204,-83.69529970482141
1087,Linn Cove Visitor Center,Visitor Center,36.0901761187799,-81.8150035932485
1088,Key West Eco Discovery Center,Visitor Center,24.5507456572792,-81.8065745995215
1089,Hatteras Island Visitor Center,Visitor Center,35.2512535767715,-75.52828133771621
1090,Chickamauga Battlefield Visitor Center,Visitor Center,34.9403043954961,-85.2599364529185
1091,Deep Creek Ranger Station,Ranger Station,35.4594385142233,-83.4350460529913
1092,Colonial Heritage Center,Visitor Center,36.129210937302204,-79.85181597735479
1093,French Quarter,Visitor Center,29.954734635035802,-90.06469216552419
1094,Guilford Courthouse National Military Park,Visitor Center,36.1312039356564,-79.8462819785947
1095,Cosby Ranger Station,Ranger Station,35.7775265393492,-83.2138282976842
1096,Visitor Center,Visitor Center,34.4578851367149,-78.1096601896418
1097,Rugby Visitor Contact Center,Visitor Center,36.3610980818586,-84.70222252697809
1098,Long Pine Key Campground Bulletin Board,Information Board,25.397672947726498,-80.657476074763
1099,Visitor Center,Visitor Center,35.936946532667605,-75.70893755046359
1100,Entrance / Exit,Entrance / Exit,35.8182343540083,-75.56406020002629
1101,Ranger Station,Ranger Station,30.3643702433639,-86.9672992019913
1102,Tricorner Shelter,Shelter,35.693833658483896,-83.2566377897712
1103,Historic Fire Station Number 6,Fire Station,33.755327911360304,-84.3718207764857
1104,Camping in Flamingo Exhibit,Information Board,25.136381835191496,-80.9440606724838
1105,Otter Creek,Food Service,37.5755997160554,-79.3373335477882
1106,Visitor Center,Visitor Center,32.9822752281073,-85.7353509259403
1107,Kephart Shelter,Shelter,35.610142479619604,-83.3685354618004
1108,Food Service,Food Service,25.8174953759761,-81.3594816537428
1109,Rocky Springs Contact Station,Information,32.0865462065016,-90.7986888662405
1110,Entrance / Exit,Entrance / Exit,35.1413613031048,-81.3769698766253
1111,Little River Canyon Center,Visitor Center,34.3989118226453,-85.6339127780179
1112,Welcome Center,Visitor Center,25.90080335358,-81.3259259609433
1113,Blue Heron Interpretive Center,Visitor Center,36.67078701227771,-84.547643551949
1114,New Orleans Jazz NHP,Visitor Center,29.958481476581603,-90.0607523778473
1115,Great Island,Ranger Station,34.7599649139639,-76.4129015907741
1116,Ernest F. Coe Visitor Center,Visitor Center,25.395307748119503,-80.5831036752305
1117,Russell Field Shelter,Shelter,35.5617844067626,-83.7665418502271
1118,Entrance / Exit,Entrance / Exit,36.4824767963298,-87.8626615103479
1119,Visitor Center,Visitor Center,31.7409935647148,-93.0881193718009
1120,Mainland Visitor Center,Visitor Center,30.7202561461717,-81.54974276101629
1121,Sandy Bay Day Use Area,Information,35.221066888261,-75.656660699944
1122,Information,Information,28.927346595973898,-80.8241958150412
1123,Maple Springs,Ranger Station,37.207256328783394,-86.1320188814576
1124,BI BD Oregon Inlet CG Kiosk,Information,35.800070157666504,-75.5453731073293
1125,Clinton Visitor Center,Visitor Center,32.3582012320784,-90.3210895817342
1126,Store,Store,36.4880144560924,-84.6974375197269
1127,Museum of North Carolina Minerals,Visitor Center,35.854124978394296,-82.05143903689529
1128,Vicksburg Visitor Center,Visitor Center,32.3441811555524,-90.8516615382329
1129,Elliott Key Ranger Station,Ranger Station,25.452620143060603,-80.1960304022323
1130,Information,Information,35.069783134470896,-76.06395258167959
1131,Entrance / Exit,Entrance / Exit,35.8806588524228,-86.43461975706059
1132,Sugarlands Visitor Center,Visitor Center,35.685622470904704,-83.5365984089913
1133,Visitor Center,Visitor Center,32.4571423003042,-85.68036554658029
1134,James River Visitor Center,Visitor Center,37.5551613211685,-79.3658897411908
1135,Book Store,Gift Shop,33.7552129112822,-84.37125497610121
1136,Information,Information,34.8991604775408,-76.2558150330412
1137,Chalmette,Visitor Center,29.942129235471,-89.9943466857278
1138,Lookout Mountain Battlefield Visitor Center,Visitor Center,35.0096553836169,-85.3438574249389
1139,Marina Store,Store,25.1429036476227,-80.92260607490641
1140,Northwest Trading Post Gift & Craft Shop,Store,36.3438713501539,-81.37602090898041
1141,Everglades National Park Exhibit,Information Board,25.2146245953538,-80.850365052822
1142,OI BD Ocracoke Campground Fee Kiosk,Information,35.1258397175587,-75.9220865232883
1143,Entrance / Exit,Entrance / Exit,35.9368551326055,-75.70898905049859
1144,Guy Bradley Visitor Center,Visitor Center,25.140876648245502,-80.9240990749208
1145,Mabry Mill Restaurant & Gift Shop,Food Service,36.7498783270166,-80.4049580751889
